"#","Reference","Qty","Value","Footprint","DNP"
"1","Agua1","1","Conn_01x08_Pin","Connector_PinHeader_2.54mm:PinHeader_1x08_P2.54mm_Vertical",""
"2","BMP280","1","Conn_01x06_Pin","Connector_PinHeader_2.54mm:PinHeader_1x06_P2.54mm_Vertical",""
"3","BZ1","1","Buzzer","Buzzer_Beeper:Buzzer_12x9.5RM7.6",""
"4","C1","1","100n","Capacitor_THT:C_Disc_D3.4mm_W2.1mm_P2.50mm",""
"5","DHT11","1","Conn_01x03_Pin","Connector_PinHeader_2.54mm:PinHeader_1x03_P2.54mm_Vertical",""
"6","Display1","1","Conn_01x04_Pin","Connector_PinHeader_2.54mm:PinHeader_1x04_P2.54mm_Vertical",""
"7","R1, R17, R18, R19, R20, R21, R22","7","1K5","Resistor_THT:R_Axial_DIN0207_L6.3mm_D2.5mm_P10.16mm_Horizontal",""
"8","R2, R3, R4, R5, R6, R7, R8","7","47K","Resistor_THT:R_Axial_DIN0207_L6.3mm_D2.5mm_P10.16mm_Horizontal",""
"9","R9, R10, R11, R12, R13, R14, R15","7","1K","Resistor_THT:R_Axial_DIN0207_L6.3mm_D2.5mm_P10.16mm_Horizontal",""
"10","R16","1","580","Resistor_THT:R_Axial_DIN0207_L6.3mm_D2.5mm_P10.16mm_Horizontal",""
"11","U1","1","Pico","RPi_Pico:RPi_Pico_SMD_TH",""
"12","U2","1","ULN2004A","Package_DIP:DIP-16_W7.62mm",""
