<?xml version="1.0" encoding="UTF-8"?>
<export version="E">
  <design>
    <source>C:\Users\amspa\OneDrive\Documentos\Escuela Facu\PROYECTO FINAL\Carlassara Proyect\Carlassara Proyect.kicad_sch</source>
    <date>24/11/2023 16:12:03</date>
    <tool>Eeschema 7.0.9</tool>
    <sheet number="1" name="/" tstamps="/">
      <title_block>
        <title/>
        <company/>
        <rev/>
        <date/>
        <source>Carlassara Proyect.kicad_sch</source>
        <comment number="1" value=""/>
        <comment number="2" value=""/>
        <comment number="3" value=""/>
        <comment number="4" value=""/>
        <comment number="5" value=""/>
        <comment number="6" value=""/>
        <comment number="7" value=""/>
        <comment number="8" value=""/>
        <comment number="9" value=""/>
      </title_block>
    </sheet>
  </design>
  <components>
    <comp ref="Agua1">
      <value>Conn_01x08_Pin</value>
      <footprint>Connector_PinHeader_2.54mm:PinHeader_1x08_P2.54mm_Vertical</footprint>
      <libsource lib="Connector" part="Conn_01x08_Pin" description="Generic connector, single row, 01x08, script generated"/>
      <property name="Sheetname" value=""/>
      <property name="Sheetfile" value="Carlassara Proyect.kicad_sch"/>
      <property name="ki_description" value="Generic connector, single row, 01x08, script generated"/>
      <property name="ki_keywords" value="connector"/>
      <sheetpath names="/" tstamps="/"/>
      <tstamps>069e2e7a-3153-4797-a656-9f034020c718</tstamps>
    </comp>
    <comp ref="BMP280">
      <value>Conn_01x06_Pin</value>
      <footprint>Connector_PinHeader_2.54mm:PinHeader_1x06_P2.54mm_Vertical</footprint>
      <libsource lib="Connector" part="Conn_01x06_Pin" description="Generic connector, single row, 01x06, script generated"/>
      <property name="Sheetname" value=""/>
      <property name="Sheetfile" value="Carlassara Proyect.kicad_sch"/>
      <property name="ki_description" value="Generic connector, single row, 01x06, script generated"/>
      <property name="ki_keywords" value="connector"/>
      <sheetpath names="/" tstamps="/"/>
      <tstamps>4ba4e52b-f304-46d1-a600-be352ed6d8db</tstamps>
    </comp>
    <comp ref="BZ1">
      <value>Buzzer</value>
      <footprint>Buzzer_Beeper:Buzzer_12x9.5RM7.6</footprint>
      <libsource lib="Device" part="Buzzer" description="Buzzer, polarized"/>
      <property name="Sheetname" value=""/>
      <property name="Sheetfile" value="Carlassara Proyect.kicad_sch"/>
      <property name="ki_description" value="Buzzer, polarized"/>
      <property name="ki_keywords" value="quartz resonator ceramic"/>
      <sheetpath names="/" tstamps="/"/>
      <tstamps>22c56d43-6c53-4b0e-bddf-f3870ccaf255</tstamps>
    </comp>
    <comp ref="C1">
      <value>100n</value>
      <footprint>Capacitor_THT:C_Disc_D3.4mm_W2.1mm_P2.50mm</footprint>
      <libsource lib="Device" part="C" description="Unpolarized capacitor"/>
      <property name="Sheetname" value=""/>
      <property name="Sheetfile" value="Carlassara Proyect.kicad_sch"/>
      <property name="ki_description" value="Unpolarized capacitor"/>
      <property name="ki_keywords" value="cap capacitor"/>
      <sheetpath names="/" tstamps="/"/>
      <tstamps>c916e1ff-199c-46fa-8c82-5fabfad7a0bc</tstamps>
    </comp>
    <comp ref="DHT11">
      <value>Conn_01x03_Pin</value>
      <footprint>Connector_PinHeader_2.54mm:PinHeader_1x03_P2.54mm_Vertical</footprint>
      <libsource lib="Connector" part="Conn_01x03_Pin" description="Generic connector, single row, 01x03, script generated"/>
      <property name="Sheetname" value=""/>
      <property name="Sheetfile" value="Carlassara Proyect.kicad_sch"/>
      <property name="ki_description" value="Generic connector, single row, 01x03, script generated"/>
      <property name="ki_keywords" value="connector"/>
      <sheetpath names="/" tstamps="/"/>
      <tstamps>42a7acf3-bbfd-484a-9108-4ef6710843d3</tstamps>
    </comp>
    <comp ref="Display1">
      <value>Conn_01x04_Pin</value>
      <footprint>Connector_PinHeader_2.54mm:PinHeader_1x04_P2.54mm_Vertical</footprint>
      <libsource lib="Connector" part="Conn_01x04_Pin" description="Generic connector, single row, 01x04, script generated"/>
      <property name="Sheetname" value=""/>
      <property name="Sheetfile" value="Carlassara Proyect.kicad_sch"/>
      <property name="ki_description" value="Generic connector, single row, 01x04, script generated"/>
      <property name="ki_keywords" value="connector"/>
      <sheetpath names="/" tstamps="/"/>
      <tstamps>90367ca4-a045-44bb-bfcf-e7aa71c314ef</tstamps>
    </comp>
    <comp ref="R1">
      <value>1K5</value>
      <footprint>Resistor_THT:R_Axial_DIN0207_L6.3mm_D2.5mm_P10.16mm_Horizontal</footprint>
      <libsource lib="Device" part="R" description="Resistor"/>
      <property name="Sheetname" value=""/>
      <property name="Sheetfile" value="Carlassara Proyect.kicad_sch"/>
      <property name="ki_description" value="Resistor"/>
      <property name="ki_keywords" value="R res resistor"/>
      <sheetpath names="/" tstamps="/"/>
      <tstamps>49c0239c-4817-4916-88d9-041f7a6be311</tstamps>
    </comp>
    <comp ref="R2">
      <value>47K</value>
      <footprint>Resistor_THT:R_Axial_DIN0207_L6.3mm_D2.5mm_P10.16mm_Horizontal</footprint>
      <libsource lib="Device" part="R" description="Resistor"/>
      <property name="Sheetname" value=""/>
      <property name="Sheetfile" value="Carlassara Proyect.kicad_sch"/>
      <property name="ki_description" value="Resistor"/>
      <property name="ki_keywords" value="R res resistor"/>
      <sheetpath names="/" tstamps="/"/>
      <tstamps>f27233fb-ed13-4c80-989f-a327b8b7d67d</tstamps>
    </comp>
    <comp ref="R3">
      <value>47K</value>
      <footprint>Resistor_THT:R_Axial_DIN0207_L6.3mm_D2.5mm_P10.16mm_Horizontal</footprint>
      <libsource lib="Device" part="R" description="Resistor"/>
      <property name="Sheetname" value=""/>
      <property name="Sheetfile" value="Carlassara Proyect.kicad_sch"/>
      <property name="ki_description" value="Resistor"/>
      <property name="ki_keywords" value="R res resistor"/>
      <sheetpath names="/" tstamps="/"/>
      <tstamps>59cd1265-ce07-4671-a7e7-cb889dc7f8d5</tstamps>
    </comp>
    <comp ref="R4">
      <value>47K</value>
      <footprint>Resistor_THT:R_Axial_DIN0207_L6.3mm_D2.5mm_P10.16mm_Horizontal</footprint>
      <libsource lib="Device" part="R" description="Resistor"/>
      <property name="Sheetname" value=""/>
      <property name="Sheetfile" value="Carlassara Proyect.kicad_sch"/>
      <property name="ki_description" value="Resistor"/>
      <property name="ki_keywords" value="R res resistor"/>
      <sheetpath names="/" tstamps="/"/>
      <tstamps>5854f76d-787d-469a-b0f6-a62780cf2bbe</tstamps>
    </comp>
    <comp ref="R5">
      <value>47K</value>
      <footprint>Resistor_THT:R_Axial_DIN0207_L6.3mm_D2.5mm_P10.16mm_Horizontal</footprint>
      <libsource lib="Device" part="R" description="Resistor"/>
      <property name="Sheetname" value=""/>
      <property name="Sheetfile" value="Carlassara Proyect.kicad_sch"/>
      <property name="ki_description" value="Resistor"/>
      <property name="ki_keywords" value="R res resistor"/>
      <sheetpath names="/" tstamps="/"/>
      <tstamps>f8a65f27-0912-4329-9712-56c2740b1691</tstamps>
    </comp>
    <comp ref="R6">
      <value>47K</value>
      <footprint>Resistor_THT:R_Axial_DIN0207_L6.3mm_D2.5mm_P10.16mm_Horizontal</footprint>
      <libsource lib="Device" part="R" description="Resistor"/>
      <property name="Sheetname" value=""/>
      <property name="Sheetfile" value="Carlassara Proyect.kicad_sch"/>
      <property name="ki_description" value="Resistor"/>
      <property name="ki_keywords" value="R res resistor"/>
      <sheetpath names="/" tstamps="/"/>
      <tstamps>bd1ecaf8-da41-4147-893a-7627b6f077d0</tstamps>
    </comp>
    <comp ref="R7">
      <value>47K</value>
      <footprint>Resistor_THT:R_Axial_DIN0207_L6.3mm_D2.5mm_P10.16mm_Horizontal</footprint>
      <libsource lib="Device" part="R" description="Resistor"/>
      <property name="Sheetname" value=""/>
      <property name="Sheetfile" value="Carlassara Proyect.kicad_sch"/>
      <property name="ki_description" value="Resistor"/>
      <property name="ki_keywords" value="R res resistor"/>
      <sheetpath names="/" tstamps="/"/>
      <tstamps>c49e1d47-59f4-4fb5-9621-fdb251457e05</tstamps>
    </comp>
    <comp ref="R8">
      <value>47K</value>
      <footprint>Resistor_THT:R_Axial_DIN0207_L6.3mm_D2.5mm_P10.16mm_Horizontal</footprint>
      <libsource lib="Device" part="R" description="Resistor"/>
      <property name="Sheetname" value=""/>
      <property name="Sheetfile" value="Carlassara Proyect.kicad_sch"/>
      <property name="ki_description" value="Resistor"/>
      <property name="ki_keywords" value="R res resistor"/>
      <sheetpath names="/" tstamps="/"/>
      <tstamps>63d8784f-5f0d-480c-a740-0a74224a26c1</tstamps>
    </comp>
    <comp ref="R9">
      <value>1K</value>
      <footprint>Resistor_THT:R_Axial_DIN0207_L6.3mm_D2.5mm_P10.16mm_Horizontal</footprint>
      <libsource lib="Device" part="R" description="Resistor"/>
      <property name="Sheetname" value=""/>
      <property name="Sheetfile" value="Carlassara Proyect.kicad_sch"/>
      <property name="ki_description" value="Resistor"/>
      <property name="ki_keywords" value="R res resistor"/>
      <sheetpath names="/" tstamps="/"/>
      <tstamps>748f473a-d7be-4544-8d8f-eb21873116f2</tstamps>
    </comp>
    <comp ref="R10">
      <value>1K</value>
      <footprint>Resistor_THT:R_Axial_DIN0207_L6.3mm_D2.5mm_P10.16mm_Horizontal</footprint>
      <libsource lib="Device" part="R" description="Resistor"/>
      <property name="Sheetname" value=""/>
      <property name="Sheetfile" value="Carlassara Proyect.kicad_sch"/>
      <property name="ki_description" value="Resistor"/>
      <property name="ki_keywords" value="R res resistor"/>
      <sheetpath names="/" tstamps="/"/>
      <tstamps>acefc996-66c4-4d39-9912-982c2fccd51f</tstamps>
    </comp>
    <comp ref="R11">
      <value>1K</value>
      <footprint>Resistor_THT:R_Axial_DIN0207_L6.3mm_D2.5mm_P10.16mm_Horizontal</footprint>
      <libsource lib="Device" part="R" description="Resistor"/>
      <property name="Sheetname" value=""/>
      <property name="Sheetfile" value="Carlassara Proyect.kicad_sch"/>
      <property name="ki_description" value="Resistor"/>
      <property name="ki_keywords" value="R res resistor"/>
      <sheetpath names="/" tstamps="/"/>
      <tstamps>6e98054c-53a6-409f-b652-4db4b6b8b952</tstamps>
    </comp>
    <comp ref="R12">
      <value>1K</value>
      <footprint>Resistor_THT:R_Axial_DIN0207_L6.3mm_D2.5mm_P10.16mm_Horizontal</footprint>
      <libsource lib="Device" part="R" description="Resistor"/>
      <property name="Sheetname" value=""/>
      <property name="Sheetfile" value="Carlassara Proyect.kicad_sch"/>
      <property name="ki_description" value="Resistor"/>
      <property name="ki_keywords" value="R res resistor"/>
      <sheetpath names="/" tstamps="/"/>
      <tstamps>989d0ee0-b967-4aa1-b6d8-430cd6f40ec3</tstamps>
    </comp>
    <comp ref="R13">
      <value>1K</value>
      <footprint>Resistor_THT:R_Axial_DIN0207_L6.3mm_D2.5mm_P10.16mm_Horizontal</footprint>
      <libsource lib="Device" part="R" description="Resistor"/>
      <property name="Sheetname" value=""/>
      <property name="Sheetfile" value="Carlassara Proyect.kicad_sch"/>
      <property name="ki_description" value="Resistor"/>
      <property name="ki_keywords" value="R res resistor"/>
      <sheetpath names="/" tstamps="/"/>
      <tstamps>afd49603-dba6-44cf-960b-99ca0ea005cd</tstamps>
    </comp>
    <comp ref="R14">
      <value>1K</value>
      <footprint>Resistor_THT:R_Axial_DIN0207_L6.3mm_D2.5mm_P10.16mm_Horizontal</footprint>
      <libsource lib="Device" part="R" description="Resistor"/>
      <property name="Sheetname" value=""/>
      <property name="Sheetfile" value="Carlassara Proyect.kicad_sch"/>
      <property name="ki_description" value="Resistor"/>
      <property name="ki_keywords" value="R res resistor"/>
      <sheetpath names="/" tstamps="/"/>
      <tstamps>9df41653-6bb7-4560-84f0-67e91854af9b</tstamps>
    </comp>
    <comp ref="R15">
      <value>1K</value>
      <footprint>Resistor_THT:R_Axial_DIN0207_L6.3mm_D2.5mm_P10.16mm_Horizontal</footprint>
      <libsource lib="Device" part="R" description="Resistor"/>
      <property name="Sheetname" value=""/>
      <property name="Sheetfile" value="Carlassara Proyect.kicad_sch"/>
      <property name="ki_description" value="Resistor"/>
      <property name="ki_keywords" value="R res resistor"/>
      <sheetpath names="/" tstamps="/"/>
      <tstamps>9b94c46e-c053-4bc0-8b4c-5e7344d57ad6</tstamps>
    </comp>
    <comp ref="R16">
      <value>580</value>
      <footprint>Resistor_THT:R_Axial_DIN0207_L6.3mm_D2.5mm_P10.16mm_Horizontal</footprint>
      <libsource lib="Device" part="R" description="Resistor"/>
      <property name="Sheetname" value=""/>
      <property name="Sheetfile" value="Carlassara Proyect.kicad_sch"/>
      <property name="ki_description" value="Resistor"/>
      <property name="ki_keywords" value="R res resistor"/>
      <sheetpath names="/" tstamps="/"/>
      <tstamps>c73616b8-5dbe-4799-86bc-7849a75b1243</tstamps>
    </comp>
    <comp ref="R17">
      <value>1K5</value>
      <footprint>Resistor_THT:R_Axial_DIN0207_L6.3mm_D2.5mm_P10.16mm_Horizontal</footprint>
      <libsource lib="Device" part="R" description="Resistor"/>
      <property name="Sheetname" value=""/>
      <property name="Sheetfile" value="Carlassara Proyect.kicad_sch"/>
      <property name="ki_description" value="Resistor"/>
      <property name="ki_keywords" value="R res resistor"/>
      <sheetpath names="/" tstamps="/"/>
      <tstamps>938e8e96-b241-40d4-845a-02087e9df3cf</tstamps>
    </comp>
    <comp ref="R18">
      <value>1K5</value>
      <footprint>Resistor_THT:R_Axial_DIN0207_L6.3mm_D2.5mm_P10.16mm_Horizontal</footprint>
      <libsource lib="Device" part="R" description="Resistor"/>
      <property name="Sheetname" value=""/>
      <property name="Sheetfile" value="Carlassara Proyect.kicad_sch"/>
      <property name="ki_description" value="Resistor"/>
      <property name="ki_keywords" value="R res resistor"/>
      <sheetpath names="/" tstamps="/"/>
      <tstamps>5db8370c-9bac-4bf9-9576-fd1181a62bd8</tstamps>
    </comp>
    <comp ref="R19">
      <value>1K5</value>
      <footprint>Resistor_THT:R_Axial_DIN0207_L6.3mm_D2.5mm_P10.16mm_Horizontal</footprint>
      <libsource lib="Device" part="R" description="Resistor"/>
      <property name="Sheetname" value=""/>
      <property name="Sheetfile" value="Carlassara Proyect.kicad_sch"/>
      <property name="ki_description" value="Resistor"/>
      <property name="ki_keywords" value="R res resistor"/>
      <sheetpath names="/" tstamps="/"/>
      <tstamps>8094b45d-3e31-4c6c-886e-97b6d58188a1</tstamps>
    </comp>
    <comp ref="R20">
      <value>1K5</value>
      <footprint>Resistor_THT:R_Axial_DIN0207_L6.3mm_D2.5mm_P10.16mm_Horizontal</footprint>
      <libsource lib="Device" part="R" description="Resistor"/>
      <property name="Sheetname" value=""/>
      <property name="Sheetfile" value="Carlassara Proyect.kicad_sch"/>
      <property name="ki_description" value="Resistor"/>
      <property name="ki_keywords" value="R res resistor"/>
      <sheetpath names="/" tstamps="/"/>
      <tstamps>4ed30868-8164-429e-a98b-a4ace14407a2</tstamps>
    </comp>
    <comp ref="R21">
      <value>1K5</value>
      <footprint>Resistor_THT:R_Axial_DIN0207_L6.3mm_D2.5mm_P10.16mm_Horizontal</footprint>
      <libsource lib="Device" part="R" description="Resistor"/>
      <property name="Sheetname" value=""/>
      <property name="Sheetfile" value="Carlassara Proyect.kicad_sch"/>
      <property name="ki_description" value="Resistor"/>
      <property name="ki_keywords" value="R res resistor"/>
      <sheetpath names="/" tstamps="/"/>
      <tstamps>2ee9135f-7acb-4b28-a3a6-6ee5782f7212</tstamps>
    </comp>
    <comp ref="R22">
      <value>1K5</value>
      <footprint>Resistor_THT:R_Axial_DIN0207_L6.3mm_D2.5mm_P10.16mm_Horizontal</footprint>
      <libsource lib="Device" part="R" description="Resistor"/>
      <property name="Sheetname" value=""/>
      <property name="Sheetfile" value="Carlassara Proyect.kicad_sch"/>
      <property name="ki_description" value="Resistor"/>
      <property name="ki_keywords" value="R res resistor"/>
      <sheetpath names="/" tstamps="/"/>
      <tstamps>4e12133d-0d3f-48ff-be15-082214ea6360</tstamps>
    </comp>
    <comp ref="U1">
      <value>Pico</value>
      <footprint>RPi_Pico:RPi_Pico_SMD_TH</footprint>
      <libsource lib="RPi_Pico" part="Pico" description=""/>
      <property name="Sheetname" value=""/>
      <property name="Sheetfile" value="Carlassara Proyect.kicad_sch"/>
      <sheetpath names="/" tstamps="/"/>
      <tstamps>e5a4dfa3-aaf3-4f92-a668-f2ead99e2a24</tstamps>
    </comp>
    <comp ref="U2">
      <value>ULN2004A</value>
      <footprint>Package_DIP:DIP-16_W7.62mm</footprint>
      <datasheet>http://www.ti.com/lit/ds/symlink/uln2003a.pdf</datasheet>
      <libsource lib="Transistor_Array" part="ULN2004A" description="High Voltage, High Current Darlington Transistor Arrays, SOIC16/SOIC16W/DIP16/TSSOP16"/>
      <property name="Sheetname" value=""/>
      <property name="Sheetfile" value="Carlassara Proyect.kicad_sch"/>
      <property name="ki_description" value="High Voltage, High Current Darlington Transistor Arrays, SOIC16/SOIC16W/DIP16/TSSOP16"/>
      <property name="ki_keywords" value="darlington transistor array"/>
      <sheetpath names="/" tstamps="/"/>
      <tstamps>72ae43f5-a19e-4095-8a33-14df76ee64a0</tstamps>
    </comp>
  </components>
  <libparts>
    <libpart lib="Connector" part="Conn_01x03_Pin">
      <description>Generic connector, single row, 01x03, script generated</description>
      <docs>~</docs>
      <footprints>
        <fp>Connector*:*_1x??_*</fp>
      </footprints>
      <fields>
        <field name="Reference">J</field>
        <field name="Value">Conn_01x03_Pin</field>
        <field name="Datasheet">~</field>
      </fields>
      <pins>
        <pin num="1" name="Pin_1" type="passive"/>
        <pin num="2" name="Pin_2" type="passive"/>
        <pin num="3" name="Pin_3" type="passive"/>
      </pins>
    </libpart>
    <libpart lib="Connector" part="Conn_01x04_Pin">
      <description>Generic connector, single row, 01x04, script generated</description>
      <docs>~</docs>
      <footprints>
        <fp>Connector*:*_1x??_*</fp>
      </footprints>
      <fields>
        <field name="Reference">J</field>
        <field name="Value">Conn_01x04_Pin</field>
        <field name="Datasheet">~</field>
      </fields>
      <pins>
        <pin num="1" name="Pin_1" type="passive"/>
        <pin num="2" name="Pin_2" type="passive"/>
        <pin num="3" name="Pin_3" type="passive"/>
        <pin num="4" name="Pin_4" type="passive"/>
      </pins>
    </libpart>
    <libpart lib="Connector" part="Conn_01x06_Pin">
      <description>Generic connector, single row, 01x06, script generated</description>
      <docs>~</docs>
      <footprints>
        <fp>Connector*:*_1x??_*</fp>
      </footprints>
      <fields>
        <field name="Reference">J</field>
        <field name="Value">Conn_01x06_Pin</field>
        <field name="Datasheet">~</field>
      </fields>
      <pins>
        <pin num="1" name="Pin_1" type="passive"/>
        <pin num="2" name="Pin_2" type="passive"/>
        <pin num="3" name="Pin_3" type="passive"/>
        <pin num="4" name="Pin_4" type="passive"/>
        <pin num="5" name="Pin_5" type="passive"/>
        <pin num="6" name="Pin_6" type="passive"/>
      </pins>
    </libpart>
    <libpart lib="Connector" part="Conn_01x08_Pin">
      <description>Generic connector, single row, 01x08, script generated</description>
      <docs>~</docs>
      <footprints>
        <fp>Connector*:*_1x??_*</fp>
      </footprints>
      <fields>
        <field name="Reference">J</field>
        <field name="Value">Conn_01x08_Pin</field>
        <field name="Datasheet">~</field>
      </fields>
      <pins>
        <pin num="1" name="Pin_1" type="passive"/>
        <pin num="2" name="Pin_2" type="passive"/>
        <pin num="3" name="Pin_3" type="passive"/>
        <pin num="4" name="Pin_4" type="passive"/>
        <pin num="5" name="Pin_5" type="passive"/>
        <pin num="6" name="Pin_6" type="passive"/>
        <pin num="7" name="Pin_7" type="passive"/>
        <pin num="8" name="Pin_8" type="passive"/>
      </pins>
    </libpart>
    <libpart lib="Device" part="Buzzer">
      <description>Buzzer, polarized</description>
      <docs>~</docs>
      <footprints>
        <fp>*Buzzer*</fp>
      </footprints>
      <fields>
        <field name="Reference">BZ</field>
        <field name="Value">Buzzer</field>
        <field name="Datasheet">~</field>
      </fields>
      <pins>
        <pin num="1" name="-" type="passive"/>
        <pin num="2" name="+" type="passive"/>
      </pins>
    </libpart>
    <libpart lib="Device" part="C">
      <description>Unpolarized capacitor</description>
      <docs>~</docs>
      <footprints>
        <fp>C_*</fp>
      </footprints>
      <fields>
        <field name="Reference">C</field>
        <field name="Value">C</field>
        <field name="Datasheet">~</field>
      </fields>
      <pins>
        <pin num="1" name="" type="passive"/>
        <pin num="2" name="" type="passive"/>
      </pins>
    </libpart>
    <libpart lib="Device" part="R">
      <description>Resistor</description>
      <docs>~</docs>
      <footprints>
        <fp>R_*</fp>
      </footprints>
      <fields>
        <field name="Reference">R</field>
        <field name="Value">R</field>
        <field name="Datasheet">~</field>
      </fields>
      <pins>
        <pin num="1" name="" type="passive"/>
        <pin num="2" name="" type="passive"/>
      </pins>
    </libpart>
    <libpart lib="RPi_Pico" part="Pico">
      <fields>
        <field name="Reference">U</field>
        <field name="Value">Pico</field>
        <field name="Footprint">RPi_Pico:RPi_Pico_SMD_TH</field>
      </fields>
      <pins>
        <pin num="1" name="GPIO0" type="bidirectional"/>
        <pin num="2" name="GPIO1" type="bidirectional"/>
        <pin num="3" name="GND" type="power_in"/>
        <pin num="4" name="GPIO2" type="bidirectional"/>
        <pin num="5" name="GPIO3" type="bidirectional"/>
        <pin num="6" name="GPIO4" type="bidirectional"/>
        <pin num="7" name="GPIO5" type="bidirectional"/>
        <pin num="8" name="GND" type="power_in"/>
        <pin num="9" name="GPIO6" type="bidirectional"/>
        <pin num="10" name="GPIO7" type="bidirectional"/>
        <pin num="11" name="GPIO8" type="bidirectional"/>
        <pin num="12" name="GPIO9" type="bidirectional"/>
        <pin num="13" name="GND" type="power_in"/>
        <pin num="14" name="GPIO10" type="bidirectional"/>
        <pin num="15" name="GPIO11" type="bidirectional"/>
        <pin num="16" name="GPIO12" type="bidirectional"/>
        <pin num="17" name="GPIO13" type="bidirectional"/>
        <pin num="18" name="GND" type="power_in"/>
        <pin num="19" name="GPIO14" type="bidirectional"/>
        <pin num="20" name="GPIO15" type="bidirectional"/>
        <pin num="21" name="GPIO16" type="bidirectional"/>
        <pin num="22" name="GPIO17" type="bidirectional"/>
        <pin num="23" name="GND" type="power_in"/>
        <pin num="24" name="GPIO18" type="bidirectional"/>
        <pin num="25" name="GPIO19" type="bidirectional"/>
        <pin num="26" name="GPIO20" type="bidirectional"/>
        <pin num="27" name="GPIO21" type="bidirectional"/>
        <pin num="28" name="GND" type="power_in"/>
        <pin num="29" name="GPIO22" type="bidirectional"/>
        <pin num="30" name="RUN" type="input"/>
        <pin num="31" name="GPIO26_ADC0" type="bidirectional"/>
        <pin num="32" name="GPIO27_ADC1" type="bidirectional"/>
        <pin num="33" name="AGND" type="power_in"/>
        <pin num="34" name="GPIO28_ADC2" type="bidirectional"/>
        <pin num="35" name="ADC_VREF" type="power_in"/>
        <pin num="36" name="3V3" type="power_in"/>
        <pin num="37" name="3V3_EN" type="input"/>
        <pin num="38" name="GND" type="bidirectional"/>
        <pin num="39" name="VSYS" type="power_in"/>
        <pin num="40" name="VBUS" type="power_in"/>
        <pin num="41" name="SWCLK" type="input"/>
        <pin num="42" name="GND" type="power_in"/>
        <pin num="43" name="SWDIO" type="bidirectional"/>
      </pins>
    </libpart>
    <libpart lib="Transistor_Array" part="ULN2004A">
      <description>High Voltage, High Current Darlington Transistor Arrays, SOIC16/SOIC16W/DIP16/TSSOP16</description>
      <docs>http://www.ti.com/lit/ds/symlink/uln2003a.pdf</docs>
      <footprints>
        <fp>DIP*W7.62mm*</fp>
        <fp>SOIC*3.9x9.9mm*P1.27mm*</fp>
        <fp>SSOP*4.4x5.2mm*P0.65mm*</fp>
        <fp>TSSOP*4.4x5mm*P0.65mm*</fp>
        <fp>SOIC*W*5.3x10.2mm*P1.27mm*</fp>
      </footprints>
      <fields>
        <field name="Reference">U</field>
        <field name="Value">ULN2004A</field>
        <field name="Datasheet">http://www.ti.com/lit/ds/symlink/uln2003a.pdf</field>
      </fields>
      <pins>
        <pin num="1" name="I1" type="input"/>
        <pin num="2" name="I2" type="input"/>
        <pin num="3" name="I3" type="input"/>
        <pin num="4" name="I4" type="input"/>
        <pin num="5" name="I5" type="input"/>
        <pin num="6" name="I6" type="input"/>
        <pin num="7" name="I7" type="input"/>
        <pin num="8" name="GND" type="power_in"/>
        <pin num="9" name="COM" type="passive"/>
        <pin num="10" name="O7" type="open_collector"/>
        <pin num="11" name="O6" type="open_collector"/>
        <pin num="12" name="O5" type="open_collector"/>
        <pin num="13" name="O4" type="open_collector"/>
        <pin num="14" name="O3" type="open_collector"/>
        <pin num="15" name="O2" type="open_collector"/>
        <pin num="16" name="O1" type="open_collector"/>
      </pins>
    </libpart>
  </libparts>
  <libraries>
    <library logical="Connector">
      <uri>C:\Program Files\KiCad\7.0\share\kicad\symbols\/Connector.kicad_sym</uri>
    </library>
    <library logical="Device">
      <uri>C:\Program Files\KiCad\7.0\share\kicad\symbols\/Device.kicad_sym</uri>
    </library>
    <library logical="RPi_Pico">
      <uri>C:/Users/amspa/OneDrive/Documentos/Escuela Facu/Proyecto/Componentes/KiCad-RP-Pico-main/KiCad-RP-Pico-main/RP-Pico Libraries/MCU_RaspberryPi_and_Boards.kicad_sym</uri>
    </library>
    <library logical="Transistor_Array">
      <uri>C:\Program Files\KiCad\7.0\share\kicad\symbols\/Transistor_Array.kicad_sym</uri>
    </library>
  </libraries>
  <nets>
    <net code="1" name="GND">
      <node ref="BMP280" pin="2" pinfunction="Pin_2" pintype="passive"/>
      <node ref="C1" pin="2" pintype="passive"/>
      <node ref="DHT11" pin="1" pinfunction="Pin_1" pintype="passive"/>
      <node ref="Display1" pin="3" pinfunction="Pin_3" pintype="passive"/>
      <node ref="R1" pin="1" pintype="passive"/>
      <node ref="R17" pin="1" pintype="passive"/>
      <node ref="R18" pin="1" pintype="passive"/>
      <node ref="R19" pin="1" pintype="passive"/>
      <node ref="R20" pin="1" pintype="passive"/>
      <node ref="R21" pin="1" pintype="passive"/>
      <node ref="R22" pin="1" pintype="passive"/>
      <node ref="U1" pin="13" pinfunction="GND" pintype="power_in"/>
      <node ref="U1" pin="18" pinfunction="GND" pintype="power_in"/>
      <node ref="U1" pin="23" pinfunction="GND" pintype="power_in"/>
      <node ref="U1" pin="28" pinfunction="GND" pintype="power_in"/>
      <node ref="U1" pin="3" pinfunction="GND" pintype="power_in"/>
      <node ref="U1" pin="33" pinfunction="AGND" pintype="power_in"/>
      <node ref="U1" pin="38" pinfunction="GND" pintype="bidirectional"/>
      <node ref="U1" pin="42" pinfunction="GND" pintype="power_in"/>
      <node ref="U1" pin="8" pinfunction="GND" pintype="power_in"/>
      <node ref="U2" pin="8" pinfunction="GND" pintype="power_in"/>
    </net>
    <net code="2" name="Net-(Agua1-Pin_1)">
      <node ref="Agua1" pin="1" pinfunction="Pin_1" pintype="passive"/>
      <node ref="C1" pin="1" pintype="passive"/>
      <node ref="R10" pin="2" pintype="passive"/>
      <node ref="R11" pin="2" pintype="passive"/>
      <node ref="R12" pin="2" pintype="passive"/>
      <node ref="R13" pin="2" pintype="passive"/>
      <node ref="R14" pin="2" pintype="passive"/>
      <node ref="R15" pin="2" pintype="passive"/>
      <node ref="R16" pin="2" pintype="passive"/>
      <node ref="R9" pin="2" pintype="passive"/>
      <node ref="U2" pin="9" pinfunction="COM" pintype="passive"/>
    </net>
    <net code="3" name="Net-(Agua1-Pin_2)">
      <node ref="Agua1" pin="2" pinfunction="Pin_2" pintype="passive"/>
      <node ref="R2" pin="1" pintype="passive"/>
    </net>
    <net code="4" name="Net-(Agua1-Pin_3)">
      <node ref="Agua1" pin="3" pinfunction="Pin_3" pintype="passive"/>
      <node ref="R3" pin="1" pintype="passive"/>
    </net>
    <net code="5" name="Net-(Agua1-Pin_4)">
      <node ref="Agua1" pin="4" pinfunction="Pin_4" pintype="passive"/>
      <node ref="R4" pin="1" pintype="passive"/>
    </net>
    <net code="6" name="Net-(Agua1-Pin_5)">
      <node ref="Agua1" pin="5" pinfunction="Pin_5" pintype="passive"/>
      <node ref="R5" pin="1" pintype="passive"/>
    </net>
    <net code="7" name="Net-(Agua1-Pin_6)">
      <node ref="Agua1" pin="6" pinfunction="Pin_6" pintype="passive"/>
      <node ref="R6" pin="1" pintype="passive"/>
    </net>
    <net code="8" name="Net-(Agua1-Pin_7)">
      <node ref="Agua1" pin="7" pinfunction="Pin_7" pintype="passive"/>
      <node ref="R7" pin="1" pintype="passive"/>
    </net>
    <net code="9" name="Net-(Agua1-Pin_8)">
      <node ref="Agua1" pin="8" pinfunction="Pin_8" pintype="passive"/>
      <node ref="R8" pin="1" pintype="passive"/>
    </net>
    <net code="10" name="Net-(BMP280-Pin_1)">
      <node ref="BMP280" pin="1" pinfunction="Pin_1" pintype="passive"/>
      <node ref="DHT11" pin="3" pinfunction="Pin_3" pintype="passive"/>
      <node ref="Display1" pin="4" pinfunction="Pin_4" pintype="passive"/>
      <node ref="U1" pin="36" pinfunction="3V3" pintype="power_in"/>
    </net>
    <net code="11" name="Net-(BMP280-Pin_3)">
      <node ref="BMP280" pin="3" pinfunction="Pin_3" pintype="passive"/>
      <node ref="Display1" pin="2" pinfunction="Pin_2" pintype="passive"/>
      <node ref="U1" pin="27" pinfunction="GPIO21" pintype="bidirectional"/>
    </net>
    <net code="12" name="Net-(BMP280-Pin_4)">
      <node ref="BMP280" pin="4" pinfunction="Pin_4" pintype="passive"/>
      <node ref="Display1" pin="1" pinfunction="Pin_1" pintype="passive"/>
      <node ref="U1" pin="26" pinfunction="GPIO20" pintype="bidirectional"/>
    </net>
    <net code="13" name="Net-(BZ1-+)">
      <node ref="BZ1" pin="2" pinfunction="+" pintype="passive"/>
      <node ref="R1" pin="2" pintype="passive"/>
      <node ref="R9" pin="1" pintype="passive"/>
      <node ref="U1" pin="5" pinfunction="GPIO3" pintype="bidirectional"/>
      <node ref="U2" pin="16" pinfunction="O1" pintype="open_collector"/>
    </net>
    <net code="14" name="Net-(BZ1--)">
      <node ref="BZ1" pin="1" pinfunction="-" pintype="passive"/>
      <node ref="R16" pin="1" pintype="passive"/>
    </net>
    <net code="15" name="Net-(DHT11-Pin_2)">
      <node ref="DHT11" pin="2" pinfunction="Pin_2" pintype="passive"/>
      <node ref="U1" pin="22" pinfunction="GPIO17" pintype="bidirectional"/>
    </net>
    <net code="16" name="Net-(U1-GPIO4)">
      <node ref="R10" pin="1" pintype="passive"/>
      <node ref="R17" pin="2" pintype="passive"/>
      <node ref="U1" pin="6" pinfunction="GPIO4" pintype="bidirectional"/>
      <node ref="U2" pin="15" pinfunction="O2" pintype="open_collector"/>
    </net>
    <net code="17" name="Net-(U1-GPIO5)">
      <node ref="R11" pin="1" pintype="passive"/>
      <node ref="R18" pin="2" pintype="passive"/>
      <node ref="U1" pin="7" pinfunction="GPIO5" pintype="bidirectional"/>
      <node ref="U2" pin="14" pinfunction="O3" pintype="open_collector"/>
    </net>
    <net code="18" name="Net-(U1-GPIO6)">
      <node ref="R12" pin="1" pintype="passive"/>
      <node ref="R19" pin="2" pintype="passive"/>
      <node ref="U1" pin="9" pinfunction="GPIO6" pintype="bidirectional"/>
      <node ref="U2" pin="13" pinfunction="O4" pintype="open_collector"/>
    </net>
    <net code="19" name="Net-(U1-GPIO7)">
      <node ref="R13" pin="1" pintype="passive"/>
      <node ref="R20" pin="2" pintype="passive"/>
      <node ref="U1" pin="10" pinfunction="GPIO7" pintype="bidirectional"/>
      <node ref="U2" pin="12" pinfunction="O5" pintype="open_collector"/>
    </net>
    <net code="20" name="Net-(U1-GPIO8)">
      <node ref="R14" pin="1" pintype="passive"/>
      <node ref="R21" pin="2" pintype="passive"/>
      <node ref="U1" pin="11" pinfunction="GPIO8" pintype="bidirectional"/>
      <node ref="U2" pin="11" pinfunction="O6" pintype="open_collector"/>
    </net>
    <net code="21" name="Net-(U1-GPIO9)">
      <node ref="R15" pin="1" pintype="passive"/>
      <node ref="R22" pin="2" pintype="passive"/>
      <node ref="U1" pin="12" pinfunction="GPIO9" pintype="bidirectional"/>
      <node ref="U2" pin="10" pinfunction="O7" pintype="open_collector"/>
    </net>
    <net code="22" name="Net-(U2-I1)">
      <node ref="R2" pin="2" pintype="passive"/>
      <node ref="U2" pin="1" pinfunction="I1" pintype="input"/>
    </net>
    <net code="23" name="Net-(U2-I2)">
      <node ref="R3" pin="2" pintype="passive"/>
      <node ref="U2" pin="2" pinfunction="I2" pintype="input"/>
    </net>
    <net code="24" name="Net-(U2-I3)">
      <node ref="R4" pin="2" pintype="passive"/>
      <node ref="U2" pin="3" pinfunction="I3" pintype="input"/>
    </net>
    <net code="25" name="Net-(U2-I4)">
      <node ref="R5" pin="2" pintype="passive"/>
      <node ref="U2" pin="4" pinfunction="I4" pintype="input"/>
    </net>
    <net code="26" name="Net-(U2-I5)">
      <node ref="R6" pin="2" pintype="passive"/>
      <node ref="U2" pin="5" pinfunction="I5" pintype="input"/>
    </net>
    <net code="27" name="Net-(U2-I6)">
      <node ref="R7" pin="2" pintype="passive"/>
      <node ref="U2" pin="6" pinfunction="I6" pintype="input"/>
    </net>
    <net code="28" name="Net-(U2-I7)">
      <node ref="R8" pin="2" pintype="passive"/>
      <node ref="U2" pin="7" pinfunction="I7" pintype="input"/>
    </net>
    <net code="29" name="unconnected-(BMP280-Pin_5-Pad5)">
      <node ref="BMP280" pin="5" pinfunction="Pin_5" pintype="passive"/>
    </net>
    <net code="30" name="unconnected-(BMP280-Pin_6-Pad6)">
      <node ref="BMP280" pin="6" pinfunction="Pin_6" pintype="passive"/>
    </net>
    <net code="31" name="unconnected-(U1-3V3_EN-Pad37)">
      <node ref="U1" pin="37" pinfunction="3V3_EN" pintype="input"/>
    </net>
    <net code="32" name="unconnected-(U1-ADC_VREF-Pad35)">
      <node ref="U1" pin="35" pinfunction="ADC_VREF" pintype="power_in"/>
    </net>
    <net code="33" name="unconnected-(U1-GPIO0-Pad1)">
      <node ref="U1" pin="1" pinfunction="GPIO0" pintype="bidirectional"/>
    </net>
    <net code="34" name="unconnected-(U1-GPIO1-Pad2)">
      <node ref="U1" pin="2" pinfunction="GPIO1" pintype="bidirectional"/>
    </net>
    <net code="35" name="unconnected-(U1-GPIO2-Pad4)">
      <node ref="U1" pin="4" pinfunction="GPIO2" pintype="bidirectional"/>
    </net>
    <net code="36" name="unconnected-(U1-GPIO10-Pad14)">
      <node ref="U1" pin="14" pinfunction="GPIO10" pintype="bidirectional"/>
    </net>
    <net code="37" name="unconnected-(U1-GPIO11-Pad15)">
      <node ref="U1" pin="15" pinfunction="GPIO11" pintype="bidirectional"/>
    </net>
    <net code="38" name="unconnected-(U1-GPIO12-Pad16)">
      <node ref="U1" pin="16" pinfunction="GPIO12" pintype="bidirectional"/>
    </net>
    <net code="39" name="unconnected-(U1-GPIO13-Pad17)">
      <node ref="U1" pin="17" pinfunction="GPIO13" pintype="bidirectional"/>
    </net>
    <net code="40" name="unconnected-(U1-GPIO14-Pad19)">
      <node ref="U1" pin="19" pinfunction="GPIO14" pintype="bidirectional"/>
    </net>
    <net code="41" name="unconnected-(U1-GPIO15-Pad20)">
      <node ref="U1" pin="20" pinfunction="GPIO15" pintype="bidirectional"/>
    </net>
    <net code="42" name="unconnected-(U1-GPIO16-Pad21)">
      <node ref="U1" pin="21" pinfunction="GPIO16" pintype="bidirectional"/>
    </net>
    <net code="43" name="unconnected-(U1-GPIO18-Pad24)">
      <node ref="U1" pin="24" pinfunction="GPIO18" pintype="bidirectional"/>
    </net>
    <net code="44" name="unconnected-(U1-GPIO19-Pad25)">
      <node ref="U1" pin="25" pinfunction="GPIO19" pintype="bidirectional"/>
    </net>
    <net code="45" name="unconnected-(U1-GPIO22-Pad29)">
      <node ref="U1" pin="29" pinfunction="GPIO22" pintype="bidirectional"/>
    </net>
    <net code="46" name="unconnected-(U1-GPIO26_ADC0-Pad31)">
      <node ref="U1" pin="31" pinfunction="GPIO26_ADC0" pintype="bidirectional"/>
    </net>
    <net code="47" name="unconnected-(U1-GPIO27_ADC1-Pad32)">
      <node ref="U1" pin="32" pinfunction="GPIO27_ADC1" pintype="bidirectional"/>
    </net>
    <net code="48" name="unconnected-(U1-GPIO28_ADC2-Pad34)">
      <node ref="U1" pin="34" pinfunction="GPIO28_ADC2" pintype="bidirectional"/>
    </net>
    <net code="49" name="unconnected-(U1-RUN-Pad30)">
      <node ref="U1" pin="30" pinfunction="RUN" pintype="input"/>
    </net>
    <net code="50" name="unconnected-(U1-SWCLK-Pad41)">
      <node ref="U1" pin="41" pinfunction="SWCLK" pintype="input"/>
    </net>
    <net code="51" name="unconnected-(U1-SWDIO-Pad43)">
      <node ref="U1" pin="43" pinfunction="SWDIO" pintype="bidirectional"/>
    </net>
    <net code="52" name="unconnected-(U1-VBUS-Pad40)">
      <node ref="U1" pin="40" pinfunction="VBUS" pintype="power_in"/>
    </net>
    <net code="53" name="unconnected-(U1-VSYS-Pad39)">
      <node ref="U1" pin="39" pinfunction="VSYS" pintype="power_in"/>
    </net>
  </nets>
</export>
